<Anims>
 <anim name="idle" root="roulettesword2" numframes="1000" framerate="40">
  <frame idx="0" w="203" h="580" x="-12.113243" y="-105.578247">
   <element name="roulettesword2ground" layername="rouletteswordground2" frame="0" z_index="1" m_a="-0.986607" m_b="0.163115" m_c="-0.163115" m_d="-0.986607" m_tx="73.533890" m_ty="87.537834"/>
  </frame>
  <frame idx="25" w="203" h="580" x="-12.113243" y="-105.578247">
   <element name="roulettesword2ground" layername="rouletteswordground2" frame="0" z_index="1" m_a="-0.986607" m_b="0.163115" m_c="-0.163115" m_d="-0.986607" m_tx="73.533890" m_ty="87.537834"/>
  </frame>
  <frame idx="50" w="203" h="580" x="-12.113243" y="-105.578247">
   <element name="roulettesword2ground" layername="rouletteswordground2" frame="0" z_index="1" m_a="-0.986607" m_b="0.163115" m_c="-0.163115" m_d="-0.986607" m_tx="73.533890" m_ty="87.537834"/>
  </frame>
  <frame idx="75" w="203" h="580" x="-12.113243" y="-105.578247">
   <element name="roulettesword2ground" layername="rouletteswordground2" frame="0" z_index="1" m_a="-0.986607" m_b="0.163115" m_c="-0.163115" m_d="-0.986607" m_tx="73.533890" m_ty="87.537834"/>
  </frame>
  <frame idx="100" w="203" h="580" x="-12.113243" y="-105.578247">
   <element name="roulettesword2ground" layername="rouletteswordground2" frame="0" z_index="1" m_a="-0.986607" m_b="0.163115" m_c="-0.163115" m_d="-0.986607" m_tx="73.533890" m_ty="87.537834"/>
  </frame>
  <frame idx="125" w="203" h="580" x="-12.113243" y="-105.578247">
   <element name="roulettesword2ground" layername="rouletteswordground2" frame="0" z_index="1" m_a="-0.986607" m_b="0.163115" m_c="-0.163115" m_d="-0.986607" m_tx="73.533890" m_ty="87.537834"/>
  </frame>
  <frame idx="150" w="203" h="580" x="-12.113243" y="-105.578247">
   <element name="roulettesword2ground" layername="rouletteswordground2" frame="0" z_index="1" m_a="-0.986607" m_b="0.163115" m_c="-0.163115" m_d="-0.986607" m_tx="73.533890" m_ty="87.537834"/>
  </frame>
  <frame idx="175" w="203" h="580" x="-12.113243" y="-105.578247">
   <element name="roulettesword2ground" layername="rouletteswordground2" frame="0" z_index="1" m_a="-0.986607" m_b="0.163115" m_c="-0.163115" m_d="-0.986607" m_tx="73.533890" m_ty="87.537834"/>
  </frame>
  <frame idx="200" w="203" h="580" x="-12.113243" y="-105.578247">
   <element name="roulettesword2ground" layername="rouletteswordground2" frame="0" z_index="1" m_a="-0.986607" m_b="0.163115" m_c="-0.163115" m_d="-0.986607" m_tx="73.533890" m_ty="87.537834"/>
  </frame>
  <frame idx="225" w="203" h="580" x="-12.113243" y="-105.578247">
   <element name="roulettesword2ground" layername="rouletteswordground2" frame="0" z_index="1" m_a="-0.986607" m_b="0.163115" m_c="-0.163115" m_d="-0.986607" m_tx="73.533890" m_ty="87.537834"/>
  </frame>
  <frame idx="250" w="203" h="580" x="-12.113243" y="-105.578247">
   <element name="roulettesword2ground" layername="rouletteswordground2" frame="0" z_index="1" m_a="-0.986607" m_b="0.163115" m_c="-0.163115" m_d="-0.986607" m_tx="73.533890" m_ty="87.537834"/>
  </frame>
  <frame idx="275" w="203" h="580" x="-12.113243" y="-105.578247">
   <element name="roulettesword2ground" layername="rouletteswordground2" frame="0" z_index="1" m_a="-0.986607" m_b="0.163115" m_c="-0.163115" m_d="-0.986607" m_tx="73.533890" m_ty="87.537834"/>
  </frame>
  <frame idx="300" w="203" h="580" x="-12.113243" y="-105.578247">
   <element name="roulettesword2ground" layername="rouletteswordground2" frame="0" z_index="1" m_a="-0.986607" m_b="0.163115" m_c="-0.163115" m_d="-0.986607" m_tx="73.533890" m_ty="87.537834"/>
  </frame>
  <frame idx="325" w="203" h="580" x="-12.113243" y="-105.578247">
   <element name="roulettesword2ground" layername="rouletteswordground2" frame="0" z_index="1" m_a="-0.986607" m_b="0.163115" m_c="-0.163115" m_d="-0.986607" m_tx="73.533890" m_ty="87.537834"/>
  </frame>
  <frame idx="350" w="203" h="580" x="-12.113243" y="-105.578247">
   <element name="roulettesword2ground" layername="rouletteswordground2" frame="0" z_index="1" m_a="-0.986607" m_b="0.163115" m_c="-0.163115" m_d="-0.986607" m_tx="73.533890" m_ty="87.537834"/>
  </frame>
  <frame idx="375" w="203" h="580" x="-12.113243" y="-105.578247">
   <element name="roulettesword2ground" layername="rouletteswordground2" frame="0" z_index="1" m_a="-0.986607" m_b="0.163115" m_c="-0.163115" m_d="-0.986607" m_tx="73.533890" m_ty="87.537834"/>
  </frame>
  <frame idx="400" w="203" h="580" x="-12.113243" y="-105.578247">
   <element name="roulettesword2ground" layername="rouletteswordground2" frame="0" z_index="1" m_a="-0.986607" m_b="0.163115" m_c="-0.163115" m_d="-0.986607" m_tx="73.533890" m_ty="87.537834"/>
  </frame>
  <frame idx="425" w="203" h="580" x="-12.113243" y="-105.578247">
   <element name="roulettesword2ground" layername="rouletteswordground2" frame="0" z_index="1" m_a="-0.986607" m_b="0.163115" m_c="-0.163115" m_d="-0.986607" m_tx="73.533890" m_ty="87.537834"/>
  </frame>
  <frame idx="450" w="203" h="580" x="-12.113243" y="-105.578247">
   <element name="roulettesword2ground" layername="rouletteswordground2" frame="0" z_index="1" m_a="-0.986607" m_b="0.163115" m_c="-0.163115" m_d="-0.986607" m_tx="73.533890" m_ty="87.537834"/>
  </frame>
  <frame idx="475" w="203" h="580" x="-12.113243" y="-105.578247">
   <element name="roulettesword2ground" layername="rouletteswordground2" frame="0" z_index="1" m_a="-0.986607" m_b="0.163115" m_c="-0.163115" m_d="-0.986607" m_tx="73.533890" m_ty="87.537834"/>
  </frame>
  <frame idx="500" w="203" h="580" x="-12.113243" y="-105.578247">
   <element name="roulettesword2ground" layername="rouletteswordground2" frame="0" z_index="1" m_a="-0.986607" m_b="0.163115" m_c="-0.163115" m_d="-0.986607" m_tx="73.533890" m_ty="87.537834"/>
  </frame>
  <frame idx="525" w="203" h="580" x="-12.113243" y="-105.578247">
   <element name="roulettesword2ground" layername="rouletteswordground2" frame="0" z_index="1" m_a="-0.986607" m_b="0.163115" m_c="-0.163115" m_d="-0.986607" m_tx="73.533890" m_ty="87.537834"/>
  </frame>
  <frame idx="550" w="203" h="580" x="-12.113243" y="-105.578247">
   <element name="roulettesword2ground" layername="rouletteswordground2" frame="0" z_index="1" m_a="-0.986607" m_b="0.163115" m_c="-0.163115" m_d="-0.986607" m_tx="73.533890" m_ty="87.537834"/>
  </frame>
  <frame idx="575" w="203" h="580" x="-12.113243" y="-105.578247">
   <element name="roulettesword2ground" layername="rouletteswordground2" frame="0" z_index="1" m_a="-0.986607" m_b="0.163115" m_c="-0.163115" m_d="-0.986607" m_tx="73.533890" m_ty="87.537834"/>
  </frame>
  <frame idx="600" w="203" h="580" x="-12.113243" y="-105.578247">
   <element name="roulettesword2ground" layername="rouletteswordground2" frame="0" z_index="1" m_a="-0.986607" m_b="0.163115" m_c="-0.163115" m_d="-0.986607" m_tx="73.533890" m_ty="87.537834"/>
  </frame>
  <frame idx="625" w="203" h="580" x="-12.113243" y="-105.578247">
   <element name="roulettesword2ground" layername="rouletteswordground2" frame="0" z_index="1" m_a="-0.986607" m_b="0.163115" m_c="-0.163115" m_d="-0.986607" m_tx="73.533890" m_ty="87.537834"/>
  </frame>
  <frame idx="650" w="203" h="580" x="-12.113243" y="-105.578247">
   <element name="roulettesword2ground" layername="rouletteswordground2" frame="0" z_index="1" m_a="-0.986607" m_b="0.163115" m_c="-0.163115" m_d="-0.986607" m_tx="73.533890" m_ty="87.537834"/>
  </frame>
  <frame idx="675" w="203" h="580" x="-12.113243" y="-105.578247">
   <element name="roulettesword2ground" layername="rouletteswordground2" frame="0" z_index="1" m_a="-0.986607" m_b="0.163115" m_c="-0.163115" m_d="-0.986607" m_tx="73.533890" m_ty="87.537834"/>
  </frame>
  <frame idx="700" w="203" h="580" x="-12.113243" y="-105.578247">
   <element name="roulettesword2ground" layername="rouletteswordground2" frame="0" z_index="1" m_a="-0.986607" m_b="0.163115" m_c="-0.163115" m_d="-0.986607" m_tx="73.533890" m_ty="87.537834"/>
  </frame>
  <frame idx="725" w="203" h="580" x="-12.113243" y="-105.578247">
   <element name="roulettesword2ground" layername="rouletteswordground2" frame="0" z_index="1" m_a="-0.986607" m_b="0.163115" m_c="-0.163115" m_d="-0.986607" m_tx="73.533890" m_ty="87.537834"/>
  </frame>
  <frame idx="750" w="203" h="580" x="-12.113243" y="-105.578247">
   <element name="roulettesword2ground" layername="rouletteswordground2" frame="0" z_index="1" m_a="-0.986607" m_b="0.163115" m_c="-0.163115" m_d="-0.986607" m_tx="73.533890" m_ty="87.537834"/>
  </frame>
  <frame idx="775" w="203" h="580" x="-12.113243" y="-105.578247">
   <element name="roulettesword2ground" layername="rouletteswordground2" frame="0" z_index="1" m_a="-0.986607" m_b="0.163115" m_c="-0.163115" m_d="-0.986607" m_tx="73.533890" m_ty="87.537834"/>
  </frame>
  <frame idx="800" w="203" h="580" x="-12.113243" y="-105.578247">
   <element name="roulettesword2ground" layername="rouletteswordground2" frame="0" z_index="1" m_a="-0.986607" m_b="0.163115" m_c="-0.163115" m_d="-0.986607" m_tx="73.533890" m_ty="87.537834"/>
  </frame>
  <frame idx="825" w="203" h="580" x="-12.113243" y="-105.578247">
   <element name="roulettesword2ground" layername="rouletteswordground2" frame="0" z_index="1" m_a="-0.986607" m_b="0.163115" m_c="-0.163115" m_d="-0.986607" m_tx="73.533890" m_ty="87.537834"/>
  </frame>
  <frame idx="850" w="203" h="580" x="-12.113243" y="-105.578247">
   <element name="roulettesword2ground" layername="rouletteswordground2" frame="0" z_index="1" m_a="-0.986607" m_b="0.163115" m_c="-0.163115" m_d="-0.986607" m_tx="73.533890" m_ty="87.537834"/>
  </frame>
  <frame idx="875" w="203" h="580" x="-12.113243" y="-105.578247">
   <element name="roulettesword2ground" layername="rouletteswordground2" frame="0" z_index="1" m_a="-0.986607" m_b="0.163115" m_c="-0.163115" m_d="-0.986607" m_tx="73.533890" m_ty="87.537834"/>
  </frame>
  <frame idx="900" w="203" h="580" x="-12.113243" y="-105.578247">
   <element name="roulettesword2ground" layername="rouletteswordground2" frame="0" z_index="1" m_a="-0.986607" m_b="0.163115" m_c="-0.163115" m_d="-0.986607" m_tx="73.533890" m_ty="87.537834"/>
  </frame>
  <frame idx="925" w="203" h="580" x="-12.113243" y="-105.578247">
   <element name="roulettesword2ground" layername="rouletteswordground2" frame="0" z_index="1" m_a="-0.986607" m_b="0.163115" m_c="-0.163115" m_d="-0.986607" m_tx="73.533890" m_ty="87.537834"/>
  </frame>
  <frame idx="950" w="203" h="580" x="-12.113243" y="-105.578247">
   <element name="roulettesword2ground" layername="rouletteswordground2" frame="0" z_index="1" m_a="-0.986607" m_b="0.163115" m_c="-0.163115" m_d="-0.986607" m_tx="73.533890" m_ty="87.537834"/>
  </frame>
  <frame idx="975" w="203" h="580" x="-12.113243" y="-105.578247">
   <element name="roulettesword2ground" layername="rouletteswordground2" frame="0" z_index="1" m_a="-0.986607" m_b="0.163115" m_c="-0.163115" m_d="-0.986607" m_tx="73.533890" m_ty="87.537834"/>
  </frame>
 </anim>
</Anims>
