<Anims>
 <anim name="BUILD" root="roulettesword2" numframes="1000" framerate="40">
  <frame idx="0" w="115" h="561" x="2.000023" y="-100.500000">
   <element name="roulettesword2" layername="roulettesword2" frame="0" z_index="1" m_a="1.000000" m_b="0.000000" m_c="0.000000" m_d="1.000000" m_tx="1.009346" m_ty="96.518295"/>
  </frame>
  <frame idx="25" w="115" h="561" x="2.000023" y="-100.500000">
   <element name="roulettesword2" layername="roulettesword2" frame="0" z_index="1" m_a="1.000000" m_b="0.000000" m_c="0.000000" m_d="1.000000" m_tx="1.009346" m_ty="96.518295"/>
  </frame>
  <frame idx="50" w="115" h="561" x="2.000023" y="-100.500000">
   <element name="roulettesword2" layername="roulettesword2" frame="0" z_index="1" m_a="1.000000" m_b="0.000000" m_c="0.000000" m_d="1.000000" m_tx="1.009346" m_ty="96.518295"/>
  </frame>
  <frame idx="75" w="115" h="561" x="2.000023" y="-100.500000">
   <element name="roulettesword2" layername="roulettesword2" frame="0" z_index="1" m_a="1.000000" m_b="0.000000" m_c="0.000000" m_d="1.000000" m_tx="1.009346" m_ty="96.518295"/>
  </frame>
  <frame idx="100" w="115" h="561" x="2.000023" y="-100.500000">
   <element name="roulettesword2" layername="roulettesword2" frame="0" z_index="1" m_a="1.000000" m_b="0.000000" m_c="0.000000" m_d="1.000000" m_tx="1.009346" m_ty="96.518295"/>
  </frame>
  <frame idx="125" w="115" h="561" x="2.000023" y="-100.500000">
   <element name="roulettesword2" layername="roulettesword2" frame="0" z_index="1" m_a="1.000000" m_b="0.000000" m_c="0.000000" m_d="1.000000" m_tx="1.009346" m_ty="96.518295"/>
  </frame>
  <frame idx="150" w="115" h="561" x="2.000023" y="-100.500000">
   <element name="roulettesword2" layername="roulettesword2" frame="0" z_index="1" m_a="1.000000" m_b="0.000000" m_c="0.000000" m_d="1.000000" m_tx="1.009346" m_ty="96.518295"/>
  </frame>
  <frame idx="175" w="115" h="561" x="2.000023" y="-100.500000">
   <element name="roulettesword2" layername="roulettesword2" frame="0" z_index="1" m_a="1.000000" m_b="0.000000" m_c="0.000000" m_d="1.000000" m_tx="1.009346" m_ty="96.518295"/>
  </frame>
  <frame idx="200" w="115" h="561" x="2.000023" y="-100.500000">
   <element name="roulettesword2" layername="roulettesword2" frame="0" z_index="1" m_a="1.000000" m_b="0.000000" m_c="0.000000" m_d="1.000000" m_tx="1.009346" m_ty="96.518295"/>
  </frame>
  <frame idx="225" w="115" h="561" x="2.000023" y="-100.500000">
   <element name="roulettesword2" layername="roulettesword2" frame="0" z_index="1" m_a="1.000000" m_b="0.000000" m_c="0.000000" m_d="1.000000" m_tx="1.009346" m_ty="96.518295"/>
  </frame>
  <frame idx="250" w="115" h="561" x="2.000023" y="-100.500000">
   <element name="roulettesword2" layername="roulettesword2" frame="0" z_index="1" m_a="1.000000" m_b="0.000000" m_c="0.000000" m_d="1.000000" m_tx="1.009346" m_ty="96.518295"/>
  </frame>
  <frame idx="275" w="115" h="561" x="2.000023" y="-100.500000">
   <element name="roulettesword2" layername="roulettesword2" frame="0" z_index="1" m_a="1.000000" m_b="0.000000" m_c="0.000000" m_d="1.000000" m_tx="1.009346" m_ty="96.518295"/>
  </frame>
  <frame idx="300" w="115" h="561" x="2.000023" y="-100.500000">
   <element name="roulettesword2" layername="roulettesword2" frame="0" z_index="1" m_a="1.000000" m_b="0.000000" m_c="0.000000" m_d="1.000000" m_tx="1.009346" m_ty="96.518295"/>
  </frame>
  <frame idx="325" w="115" h="561" x="2.000023" y="-100.500000">
   <element name="roulettesword2" layername="roulettesword2" frame="0" z_index="1" m_a="1.000000" m_b="0.000000" m_c="0.000000" m_d="1.000000" m_tx="1.009346" m_ty="96.518295"/>
  </frame>
  <frame idx="350" w="115" h="561" x="2.000023" y="-100.500000">
   <element name="roulettesword2" layername="roulettesword2" frame="0" z_index="1" m_a="1.000000" m_b="0.000000" m_c="0.000000" m_d="1.000000" m_tx="1.009346" m_ty="96.518295"/>
  </frame>
  <frame idx="375" w="115" h="561" x="2.000023" y="-100.500000">
   <element name="roulettesword2" layername="roulettesword2" frame="0" z_index="1" m_a="1.000000" m_b="0.000000" m_c="0.000000" m_d="1.000000" m_tx="1.009346" m_ty="96.518295"/>
  </frame>
  <frame idx="400" w="115" h="561" x="2.000023" y="-100.500000">
   <element name="roulettesword2" layername="roulettesword2" frame="0" z_index="1" m_a="1.000000" m_b="0.000000" m_c="0.000000" m_d="1.000000" m_tx="1.009346" m_ty="96.518295"/>
  </frame>
  <frame idx="425" w="115" h="561" x="2.000023" y="-100.500000">
   <element name="roulettesword2" layername="roulettesword2" frame="0" z_index="1" m_a="1.000000" m_b="0.000000" m_c="0.000000" m_d="1.000000" m_tx="1.009346" m_ty="96.518295"/>
  </frame>
  <frame idx="450" w="115" h="561" x="2.000023" y="-100.500000">
   <element name="roulettesword2" layername="roulettesword2" frame="0" z_index="1" m_a="1.000000" m_b="0.000000" m_c="0.000000" m_d="1.000000" m_tx="1.009346" m_ty="96.518295"/>
  </frame>
  <frame idx="475" w="115" h="561" x="2.000023" y="-100.500000">
   <element name="roulettesword2" layername="roulettesword2" frame="0" z_index="1" m_a="1.000000" m_b="0.000000" m_c="0.000000" m_d="1.000000" m_tx="1.009346" m_ty="96.518295"/>
  </frame>
  <frame idx="500" w="115" h="561" x="2.000023" y="-100.500000">
   <element name="roulettesword2" layername="roulettesword2" frame="0" z_index="1" m_a="1.000000" m_b="0.000000" m_c="0.000000" m_d="1.000000" m_tx="1.009346" m_ty="96.518295"/>
  </frame>
  <frame idx="525" w="115" h="561" x="2.000023" y="-100.500000">
   <element name="roulettesword2" layername="roulettesword2" frame="0" z_index="1" m_a="1.000000" m_b="0.000000" m_c="0.000000" m_d="1.000000" m_tx="1.009346" m_ty="96.518295"/>
  </frame>
  <frame idx="550" w="115" h="561" x="2.000023" y="-100.500000">
   <element name="roulettesword2" layername="roulettesword2" frame="0" z_index="1" m_a="1.000000" m_b="0.000000" m_c="0.000000" m_d="1.000000" m_tx="1.009346" m_ty="96.518295"/>
  </frame>
  <frame idx="575" w="115" h="561" x="2.000023" y="-100.500000">
   <element name="roulettesword2" layername="roulettesword2" frame="0" z_index="1" m_a="1.000000" m_b="0.000000" m_c="0.000000" m_d="1.000000" m_tx="1.009346" m_ty="96.518295"/>
  </frame>
  <frame idx="600" w="115" h="561" x="2.000023" y="-100.500000">
   <element name="roulettesword2" layername="roulettesword2" frame="0" z_index="1" m_a="1.000000" m_b="0.000000" m_c="0.000000" m_d="1.000000" m_tx="1.009346" m_ty="96.518295"/>
  </frame>
  <frame idx="625" w="115" h="561" x="2.000023" y="-100.500000">
   <element name="roulettesword2" layername="roulettesword2" frame="0" z_index="1" m_a="1.000000" m_b="0.000000" m_c="0.000000" m_d="1.000000" m_tx="1.009346" m_ty="96.518295"/>
  </frame>
  <frame idx="650" w="115" h="561" x="2.000023" y="-100.500000">
   <element name="roulettesword2" layername="roulettesword2" frame="0" z_index="1" m_a="1.000000" m_b="0.000000" m_c="0.000000" m_d="1.000000" m_tx="1.009346" m_ty="96.518295"/>
  </frame>
  <frame idx="675" w="115" h="561" x="2.000023" y="-100.500000">
   <element name="roulettesword2" layername="roulettesword2" frame="0" z_index="1" m_a="1.000000" m_b="0.000000" m_c="0.000000" m_d="1.000000" m_tx="1.009346" m_ty="96.518295"/>
  </frame>
  <frame idx="700" w="115" h="561" x="2.000023" y="-100.500000">
   <element name="roulettesword2" layername="roulettesword2" frame="0" z_index="1" m_a="1.000000" m_b="0.000000" m_c="0.000000" m_d="1.000000" m_tx="1.009346" m_ty="96.518295"/>
  </frame>
  <frame idx="725" w="115" h="561" x="2.000023" y="-100.500000">
   <element name="roulettesword2" layername="roulettesword2" frame="0" z_index="1" m_a="1.000000" m_b="0.000000" m_c="0.000000" m_d="1.000000" m_tx="1.009346" m_ty="96.518295"/>
  </frame>
  <frame idx="750" w="115" h="561" x="2.000023" y="-100.500000">
   <element name="roulettesword2" layername="roulettesword2" frame="0" z_index="1" m_a="1.000000" m_b="0.000000" m_c="0.000000" m_d="1.000000" m_tx="1.009346" m_ty="96.518295"/>
  </frame>
  <frame idx="775" w="115" h="561" x="2.000023" y="-100.500000">
   <element name="roulettesword2" layername="roulettesword2" frame="0" z_index="1" m_a="1.000000" m_b="0.000000" m_c="0.000000" m_d="1.000000" m_tx="1.009346" m_ty="96.518295"/>
  </frame>
  <frame idx="800" w="115" h="561" x="2.000023" y="-100.500000">
   <element name="roulettesword2" layername="roulettesword2" frame="0" z_index="1" m_a="1.000000" m_b="0.000000" m_c="0.000000" m_d="1.000000" m_tx="1.009346" m_ty="96.518295"/>
  </frame>
  <frame idx="825" w="115" h="561" x="2.000023" y="-100.500000">
   <element name="roulettesword2" layername="roulettesword2" frame="0" z_index="1" m_a="1.000000" m_b="0.000000" m_c="0.000000" m_d="1.000000" m_tx="1.009346" m_ty="96.518295"/>
  </frame>
  <frame idx="850" w="115" h="561" x="2.000023" y="-100.500000">
   <element name="roulettesword2" layername="roulettesword2" frame="0" z_index="1" m_a="1.000000" m_b="0.000000" m_c="0.000000" m_d="1.000000" m_tx="1.009346" m_ty="96.518295"/>
  </frame>
  <frame idx="875" w="115" h="561" x="2.000023" y="-100.500000">
   <element name="roulettesword2" layername="roulettesword2" frame="0" z_index="1" m_a="1.000000" m_b="0.000000" m_c="0.000000" m_d="1.000000" m_tx="1.009346" m_ty="96.518295"/>
  </frame>
  <frame idx="900" w="115" h="561" x="2.000023" y="-100.500000">
   <element name="roulettesword2" layername="roulettesword2" frame="0" z_index="1" m_a="1.000000" m_b="0.000000" m_c="0.000000" m_d="1.000000" m_tx="1.009346" m_ty="96.518295"/>
  </frame>
  <frame idx="925" w="115" h="561" x="2.000023" y="-100.500000">
   <element name="roulettesword2" layername="roulettesword2" frame="0" z_index="1" m_a="1.000000" m_b="0.000000" m_c="0.000000" m_d="1.000000" m_tx="1.009346" m_ty="96.518295"/>
  </frame>
  <frame idx="950" w="115" h="561" x="2.000023" y="-100.500000">
   <element name="roulettesword2" layername="roulettesword2" frame="0" z_index="1" m_a="1.000000" m_b="0.000000" m_c="0.000000" m_d="1.000000" m_tx="1.009346" m_ty="96.518295"/>
  </frame>
  <frame idx="975" w="115" h="561" x="2.000023" y="-100.500000">
   <element name="roulettesword2" layername="roulettesword2" frame="0" z_index="1" m_a="1.000000" m_b="0.000000" m_c="0.000000" m_d="1.000000" m_tx="1.009346" m_ty="96.518295"/>
  </frame>
 </anim>
</Anims>
